OPEN,HIGH,LOW,CLOSE,VOLUME,Close_Time,QUOTE_ASSET_VOLUME,NUMBER_TRADES,TAKER_BUY_BASE_ASSET_VOLUME,TAKER_BUY_QUOTE_ASSET_VOLUME,IGNORE,Date_column
"5393,26",6400,"5252,53","6162,37","199020,8734",1584662399999,1164739708,1403608,"99011,94701","579536547,8",0,19/03/2020 00:00:00
"50588,95",51200,48600,"50471,19","38425,92466",1639007999999,1925458787,1118225,"18126,84362","908410692,2",0,08/12/2021 00:00:00
"8184,97",8196,"8055,89","8110,34","31159,75568",1578959999999,"252656965,4",289144,"15215,2265","123407351,9",0,13/01/2020 00:00:00
"13761,49",13830,"13195,05","13549,37","64566,42191",1604361599999,"873629993,8",869850,"29243,23366","395698601,6",0,02/11/2020 00:00:00
9706,10250,"9576,01","10164,71","70604,12402",1582070399999,"696870122,8",723413,"37303,99633","368380176,6",0,18/02/2020 00:00:00
"10164,78",10250,9350,"9593,79","55162,5869",1582156799999,"547679966,9",588760,"25457,91648","253188749,1",0,19/02/2020 00:00:00
"9426,6",9740,"9331,23","9697,72","55665,27254",1590883199999,"530598690,1",651290,"29252,6799","279016030,1",0,30/05/2020 00:00:00
"48746,81",49200,47070,"48882,2","44399,23424",1615075199999,2143910705,1476474,"21500,61562",1038365873,0,06/03/2021 00:00:00
"19422,61",19484,"19159,42","19310,95","165625,1396",1664668799999,3200350295,2470590,"82734,18388",1598688568,0,01/10/2022 00:00:00
"45901,3",47160,44376,"44695,95","57039,34163",1629244799999,2616339598,1781303,"27320,26181",1253906923,0,17/08/2021 00:00:00
"60328,81",61496,58000,"58413,44","62124,49016",1635379199999,3688306193,1913083,"29983,43122",1780494794,0,27/10/2021 00:00:00
"6876,84",7177,6780,"6903,79","73868,6665",1586735999999,"516235035,2",648323,"35637,95869","249206873,2",0,12/04/2020 00:00:00
"50399,67",51280,49412,"50775,49","22569,88914",1640563199999,1132200242,797133,"11285,69707","566374786,7",0,26/12/2021 00:00:00
"9116,16",9238,"9024,67","9192,56","42120,29326",1593475199999,"384206326,5",434299,"20449,0978","186542867,4",0,29/06/2020 00:00:00
"19401,63",19500,"18531,42","19289,91","385886,9183",1663977599999,7330336009,5906265,"194842,0877",3701394517,0,23/09/2022 00:00:00
"23342,66",23600,"23111,04","23191,2","144185,9701",1660867199999,3375338942,6029662,"71864,05086",1682458592,0,18/08/2022 00:00:00
"23492,09",23600,"23020,97","23141,57","264140,9989",1677628799999,6172930936,9568743,"131200,827",3066249881,0,28/02/2023 00:00:00
"46580,5",47200,"45353,81","45497,55","42192,74852",1649203199999,1951668193,1046080,"20607,57735","953494654,5",0,05/04/2022 00:00:00
"19426,43",21560,"19278,6","21335,52","114306,3356",1608163199999,2325135959,1659135,"61245,26238",1245917122,0,16/12/2020 00:00:00
"44865,26",45200,40675,"42810,57","84113,42629",1632527999999,3596718231,1819744,"41952,77658",1794510964,0,24/09/2021 00:00:00
"13111,73",13350,12888,"13028,83","38481,5795",1603670399999,"502672049,2",610498,"17988,7671","235115943,8",0,25/10/2020 00:00:00
"26516,99",26700,"26255,85","26339,97","21538,31022",1687132799999,"571013013,9",555956,"10367,07533","274864183,4",0,18/06/2023 00:00:00
"7539,03",7700,7480,"7693,1","50522,61621",1587945599999,"384202783,3",554480,"24707,49423","187939788,8",0,26/04/2020 00:00:00
"30688,51",30800,30250,"30527,43","30513,30135",1687651199999,"933244397,7",776343,"14497,56447","443500647,9",0,24/06/2023 00:00:00
28308,30800,"28257,99","29993,89","108926,4041",1687391999999,3210301129,1872873,"55846,96952",1646165465,0,21/06/2023 00:00:00
"6868,57",6933,6605,"6621,24","61571,38499",1586995199999,"416947490,6",581374,"29866,89225","202324176,2",0,15/04/2020 00:00:00
"6621,25",7190,"6468,27","7101,94","125009,8575",1587081599999,"865277543,4",971163,"63251,20433","438475139,1",0,16/04/2020 00:00:00
"8523,61",8750,8411,"8531,88","43892,20178",1583107199999,"375729315,3",472019,"21838,36887","186962259,7",0,01/03/2020 00:00:00
"10666,62",10798,"10615,64","10792,21","34025,76165",1601942399999,"364158510,2",483340,"15551,58439","166457546,9",0,05/10/2020 00:00:00
"23777,28",24668,"23502,25","23643,51","151060,1321",1659225599999,3634601095,4801528,"75778,59282",1823456272,0,30/07/2022 00:00:00
"10792,2",10800,10525,"10599,66","48674,74047",1602028799999,"520051256,1",734526,"23189,6899","247740447,6",0,06/10/2020 00:00:00
"16291,85",16480,"15952,35","16320,7","75691,88101",1605311999999,1230358611,1208773,"35301,73094","574048021,7",0,13/11/2020 00:00:00
7505,7705,"7431,07","7538,67","43874,42773",1587859199999,"331292050,8",521943,"21111,14095","159480178,4",0,25/04/2020 00:00:00
"9294,69",9780,"9277,09","9685,69","57895,46834",1592870399999,"550995799,1",588704,"30738,20038","292712778,1",0,22/06/2020 00:00:00
"6828,98",6940,6762,"6841,37","60109,71081",1587513599999,"411800606,1",555797,"27732,1644","190003705,3",0,21/04/2020 00:00:00
"6643,36",7198,6551,"6794,09","149299,9069",1585871999999,1014494762,1101043,"74722,16375",508095826,0,02/04/2020 00:00:00
"29505,6",29820,28300,"28848,2","49249,28459",1683417599999,1429517893,1221021,"23315,95073",676717267,0,06/05/2023 00:00:00
"56484,26",57600,51680,"53601,05","58927,69027",1638575999999,3246198506,1865063,"27287,25751",1505556556,0,03/12/2021 00:00:00
"9746,99",9800,9633,"9782,01","40664,66413",1591660799999,"395459395,8",485139,"19744,03912",192037951,0,08/06/2020 00:00:00
"9666,85",9802,"9372,46","9746,99","57952,84839",1591574399999,"556919603,8",637766,"28426,59513","273242856,2",0,07/06/2020 00:00:00
"11779,77",11850,"11634,03","11760,54","59818,8527",1597449599999,"702273220,7",1011746,"28464,66955","334192256,7",0,14/08/2020 00:00:00
"9138,08",9292,"9080,1",9232,"38488,5287",1593647999999,"354087627,2",374832,"19068,83171","175429466,3",0,01/07/2020 00:00:00
"62959,53",63800,62020,"63159,98","51649,70034",1618531199999,3248931738,1938028,"25628,16838",1612303095,0,15/04/2021 00:00:00
"9249,49",9298,"9045,45","9162,21","50292,29828",1593215999999,"461347064,8",510947,"23307,90348","213866832,8",0,26/06/2020 00:00:00
"9179,01",9298,8700,"8720,34","70379,86645",1590364799999,"636787240,4",774088,"32046,41144","290362268,5",0,24/05/2020 00:00:00
"57471,35",57680,53879,"55996,93","53471,2855",1634083199999,3017210683,1554412,"26157,44247",1477084243,0,12/10/2021 00:00:00
"8690,8",8790,"8523,55","8523,61","36748,18304",1583020799999,318585952,414175,"18916,85456","164044036,9",0,29/02/2020 00:00:00
"44421,2",45400,"43334,09","43892,98","57782,65081",1646265599999,2550792948,1653131,"28624,1131",1264172354,0,02/03/2022 00:00:00
"7894,57",7980,7590,"7934,52","79942,41117",1583971199999,"624465167,4",699401,"40497,89274","316442882,8",0,11/03/2020 00:00:00
"15590,02",15960,15166,"15579,92","122618,1977",1604707199999,1909660729,1654968,"58528,76053","911733812,3",0,06/11/2020 00:00:00
"15328,41",15460,"15072,46","15297,21","61681,91961",1605052799999,"943615126,1",1093466,"28945,76657",442891690,0,10/11/2020 00:00:00
"11853,54",11878,"11485,81","11531,34","64448,30614",1598054399999,"755451999,7",1189668,"30531,73287","357993659,7",0,21/08/2020 00:00:00
"58746,57",59800,56769,"58740,55","60975,54267",1617235199999,3575976084,1928224,"31074,81319",1823822793,0,31/03/2021 00:00:00
"5172,48",5940,"5093,1","5361,3","139916,1465",1584316799999,"753755706,4",1037714,"70540,65095","380499471,9",0,15/03/2020 00:00:00
"7121,4",7220,6751,"6826,83","90149,49137",1587427199999,"629612368,7",785174,"40427,51593","282531224,3",0,20/04/2020 00:00:00
"16457,61",16600,16401,"16428,78","162025,4761",1669593599999,2679048566,3362221,"80097,04098",1324406074,0,27/11/2022 00:00:00
"20490,74",20700,"20330,74","20483,62","279932,4377",1667347199999,5740102555,5971938,"139277,9471",2856018096,0,01/11/2022 00:00:00
"11754,38",11888,11668,"11853,55","46085,25435",1597967999999,543576025,798027,"21992,90754","259381062,5",0,20/08/2020 00:00:00
"8736,04",8818,8590,"8682,36","29080,55714",1579737599999,"252638888,2",317424,"14477,15751",125794390,0,22/01/2020 00:00:00
"9775,13",9842,9326,"9511,43","74923,73809",1590019199999,"721190802,8",731189,"33481,79668",322416332,0,20/05/2020 00:00:00
"7125,12",7738,7020,"7482,39","102773,5696",1587686399999,"756320213,6",881099,"52475,59854","386041564,8",0,23/04/2020 00:00:00
"16541,77",16628,"16499,01","16616,75","96925,41374",1672617599999,1604793790,3218355,"48548,78168","803841673,8",0,01/01/2023 00:00:00
"58030,01",59880,"57820,17","58102,28","44476,94178",1616284799999,2616535093,1724131,"22212,44672",1307023993,0,20/03/2021 00:00:00
"9298,33",9340,"9009,69","9249,49","55831,61916",1593129599999,"514396747,4",536205,"26546,39556","244659133,9",0,25/06/2020 00:00:00
"11744,91",11900,"11562,5","11762,46","63529,08502",1596758399999,"746479211,7",919918,"30044,2033","353083043,8",0,06/08/2020 00:00:00
"21335,52",23800,21230,"22797,16","184882,4767",1608249599999,4196645567,2795084,"92409,40508",2097021809,0,17/12/2020 00:00:00
"22432,58",23800,"21579,54","23396,62","263770,7657",1658275199999,5954419902,6488375,"132874,4341",2999605957,0,19/07/2022 00:00:00
"47067,99",47600,45200,"45510,34","48645,12667",1648771199999,2262485161,1290541,"22879,47328",1064278671,0,31/03/2022 00:00:00
"6838,04",6978,"6754,28","6868,7","69068,62329",1586908799999,"474794776,2",608665,"32019,32234","220122993,7",0,14/04/2020 00:00:00
"26522,73",26888,26224,26600,"26227,29369",1694822399999,695203258,654094,"12600,39115","334045930,8",0,15/09/2023 00:00:00
"4800,01",5955,"3782,13","5578,6","402201,6738",1584143999999,2063819541,2309830,"197511,9543",1017423856,0,13/03/2020 00:00:00
"9291,35",9350,"9093,01","9197,02","53308,17527",1580860799999,"491136137,2",528930,"26103,43231","240571508,2",0,04/02/2020 00:00:00
"22136,42",22800,"20111,62","22583,72","200774,4935",1655337599999,4249276481,2847831,"98340,10222",2083014439,0,15/06/2022 00:00:00
"9448,27",10380,"9421,67","10200,77","76649,12696",1591055999999,"749707596,7",826964,"41530,41232","406777189,3",0,01/06/2020 00:00:00
"30373,84",31000,29966,"30466,93","75984,19452",1681516799999,2323267494,1504180,"38406,59006",1174371284,0,14/04/2023 00:00:00
"7354,19",7495,7318,"7358,75","38331,0856",1578268799999,"284848683,8",329209,"19455,36956","144600094,4",0,05/01/2020 00:00:00
"21140,07",21800,"21069,11","21515,61","159200,6841",1661126399999,3405034923,5034461,"80239,2419",1716250543,0,21/08/2022 00:00:00
"24401,7",24888,"24291,22","24441,38","152852,2544",1660435199999,3751417148,5617859,"76352,504",1873989924,0,13/08/2022 00:00:00
"9380,81",9888,"9322,1","9680,04","68647,76432",1589759999999,"663088800,8",722718,"34734,03499",335478916,0,17/05/2020 00:00:00
"20482,81",20800,"20048,04","20151,84","373716,273",1667433599999,7633404092,7431698,"185785,9721",3795164791,0,02/11/2022 00:00:00
27385,28996,27320,"28875,54","95356,05783",1609372799999,2683953237,1916095,"48057,90637",1352877360,0,30/12/2020 00:00:00
"10776,59",10920,10437,"10619,13","60866,33289",1601596799999,"652168989,5",794855,"28449,9751","304779535,4",0,01/10/2020 00:00:00
"28300,8",30036,27235,"28415,29","129228,404",1682553599999,3719701462,2261942,"64540,55521",1857698379,0,26/04/2023 00:00:00
32950,33456,"31390,16",32078,"64595,28768",1611446399999,2089098296,1700056,"32680,77613",1057114175,0,23/01/2021 00:00:00
"7195,24",7255,"7175,15","7200,85","16792,38817",1577923199999,"121214452,1",194010,"8946,955535","64597785,21",0,01/01/2020 00:00:00
"8110,34",8880,"8105,54","8810,01","120399,1267",1579046399999,1032735181,915328,"62492,09668","536081638,1",0,14/01/2020 00:00:00
"27590,59",28000,"26942,82","27510,93","53111,56874",1682380799999,1458406516,1211080,"25641,28044","704079582,7",0,24/04/2023 00:00:00
"21647,21",21860,21350,"21826,87","280702,5515",1662940799999,6064643643,4801844,"141171,8812",3050253458,0,11/09/2022 00:00:00
"11099,79",11444,10960,"11335,46","70063,66097",1596239999999,"786344325,9",971584,"34068,14337","382632611,4",0,31/07/2020 00:00:00
"11910,99",12468,"11769,78","12281,13","84734,21154",1597708799999,1026883453,1210228,"42291,0862","512410754,1",0,17/08/2020 00:00:00
"8810,99",9398,"8792,99","9309,37","92466,27402",1589414399999,839725720,869216,"43648,35466",396713970,0,13/05/2020 00:00:00
"8907,57",9400,"8862,4","9374,21","74584,85377",1580255999999,"676593159,5",616678,"38852,36325","352558461,2",0,28/01/2020 00:00:00
"21491,18",21888,"20964,73","21038,07","53278,10464",1656287999999,1139258367,885306,"26051,16372","557192553,7",0,26/06/2022 00:00:00
"8823,25",8900,8445,"8692,91","71155,20898",1582934399999,615664817,655727,"35295,60614",305533927,0,28/02/2020 00:00:00
"35468,23",35600,30071,"30850,13","135004,0767",1611273599999,4386783587,2881505,"63256,21045",2057240517,0,21/01/2021 00:00:00
"10373,45",10438,9850,"10126,65","73491,87842",1599609599999,742947902,1048125,"34410,81447","348048428,9",0,08/09/2020 00:00:00
"10666,4",10950,"10530,41","10925,57","51959,69157",1602201599999,"559311760,4",659291,"26482,59953",285240421,0,08/10/2020 00:00:00
"10774,26",10950,10626,"10696,12","50095,25173",1601337599999,"544463219,6",686664,"25219,07332","274111924,7",0,28/09/2020 00:00:00
"21529,11",21900,21145,"21368,08","174383,2205",1661385599999,3744196824,5561412,"86499,84759",1857345194,0,24/08/2022 00:00:00
"43059,96",43800,42555,"43084,29","21936,05616",1642291199999,"946488263,5",752688,"11133,18615","480516487,2",0,15/01/2022 00:00:00
"7773,51",7780,"7659,12","7738,98","46302,75264",1588118399999,"357391780,9",499414,"21305,50136","164468534,1",0,28/04/2020 00:00:00
"40801,13",41760,40571,"41493,18","35788,85843",1650412799999,1472363265,934526,"17806,81506","732539241,9",0,19/04/2022 00:00:00
"43451,14",43816,"42430,58","43082,31","38880,37305",1641513599999,1674466154,1150707,"19268,82662","829886561,8",0,06/01/2022 00:00:00
"58720,45",60200,"58428,57","58950,01","47382,41878",1617407999999,2811159761,1666356,"23695,69515",1406393730,0,02/04/2021 00:00:00
"11760,55",11980,11680,"11852,4","56237,90505",1597535999999,"667446824,1",1018956,"27303,96632","324138943,4",0,15/08/2020 00:00:00
"9358,95",9422,"9281,54","9294,69","24316,92623",1592783999999,"227467940,6",321015,"11779,79718","110215504,6",0,21/06/2020 00:00:00
"33000,05",33600,28130,"31988,71","140899,8857",1609804799999,4429010350,2642408,"69088,46923",2173435409,0,04/01/2021 00:00:00
"10223,08",10450,"10223,08","10326,46","61008,06393",1581551999999,"629756037,5",857655,"31141,8077","321525481,5",0,12/02/2020 00:00:00
"20234,87",20900,"19616,07","20588,84","174809,217",1657843199999,3526210098,4576355,"87993,05801",1775442258,0,14/07/2022 00:00:00
"20723,51",20900,"19770,51","19987,99","92133,97938",1655942399999,1872204589,1394981,"44907,30453","912710764,7",0,22/06/2022 00:00:00
"9813,87",9940,"9667,11","9895,05","43600,84367",1581206399999,"427781790,2",514573,"22664,38184","222438123,8",0,08/02/2020 00:00:00
"19695,87",19888,"18001,12","18764,96","127698,7627",1606867199999,2446070335,2023802,"63805,3929",1223282816,0,01/12/2020 00:00:00
"25792,11",26040,"25372,51","25759,95","27262,52386",1694044799999,"700763180,8",636302,"12736,70564","327416444,8",0,06/09/2023 00:00:00
"9681,11",9950,"9464,23","9733,93","82006,60358",1589846399999,"797622297,3",794292,"40242,84299","391957586,2",0,18/05/2020 00:00:00
"50775,48",52088,50449,"50701,44","28792,21566",1640649599999,1472065236,1009411,"14436,09322","738369203,3",0,27/12/2021 00:00:00
"23141,57",24000,"23020,03","23628,97","315287,4174",1677715199999,7441571085,9390487,"157961,9267",3728256787,0,01/03/2023 00:00:00
"28033,83",28100,"27766,94","27906,33","24762,09387",1680911999999,"691323748,9",655634,"11983,13367","334559478,5",0,07/04/2023 00:00:00
"43495,44",43920,"41938,51","42373,73","44975,1687",1644623999999,1937866769,1169354,"22063,76915",950913914,0,11/02/2022 00:00:00
"29770,41",30160,"29376,67","29581,99","38003,88725",1691625599999,1130396850,750252,"18700,85778","556446376,3",0,09/08/2023 00:00:00
"9885,22",9964,9113,"9280,4","94418,98473",1591919999999,"902075648,5",966502,"40972,06475","391689549,7",0,11/06/2020 00:00:00
"44695,95",46000,"44203,28","44705,29","54099,41599",1629331199999,2439673266,1656723,"28538,22373",1286718405,0,18/08/2021 00:00:00
"21594,75",21980,"21322,12","21591,83","178417,8447",1657411199999,3857190523,3524386,"89418,01811",1933132016,0,09/07/2022 00:00:00
"6236,65",6266,"5866,56","5881,42","63311,62771",1585526399999,"383707122,5",496709,"29080,96792","176336037,9",0,29/03/2020 00:00:00
"8778,58",9460,8401,8620,"206277,2141",1588291199999,1839283907,1661554,"99484,47638","887675398,2",0,30/04/2020 00:00:00
"56891,62",58320,55600,"58052,24","50715,88726",1637366399999,2896189976,1560459,"24072,28575",1374771758,0,19/11/2021 00:00:00
"8894,15",8950,8522,"8871,96","84418,51233",1588636799999,"738343818,7",848802,"39118,38022","342180074,6",0,04/05/2020 00:00:00
"6677,42",6780,6510,"6737,36","83026,55521",1585267199999,"552537189,5",668467,"41123,41051","273834254,5",0,26/03/2020 00:00:00
15957,16880,15864,"16713,57","81300,67592",1605571199999,1335728014,1202386,"41370,21366","679593360,6",0,16/11/2020 00:00:00
"18874,31",19956,"18125,98","18461,36","385034,1002",1663804799999,7338667640,6907777,"190299,4714",3628361587,0,21/09/2022 00:00:00
"34681,44",39920,34031,"38796,29","161630,894",1621900799999,5996773032,3510578,"81584,82531",3031032099,0,24/05/2021 00:00:00
"9257,4",9470,9231,"9436,06","56140,51778",1594252799999,"525344876,7",652605,"28067,68064","262723969,1",0,08/07/2020 00:00:00
"57436,11",58360,55200,"56393,68","70181,67191",1620345599999,3992289528,2459881,"34248,89964",1949210282,0,06/05/2021 00:00:00
"10325,33",10500,10080,"10229,63","79344,35876",1581638399999,"815507473,7",932802,"38475,27255",395629173,0,13/02/2020 00:00:00
"47799,99",48144,"45971,03","47068,51","46114,35902",1628985599999,2166461459,1849556,"22999,52852",1080741766,0,14/08/2021 00:00:00
"9936,4",9990,"9473,56","9656,13","55796,59612",1582588799999,"542081527,6",589384,"26426,93064",256859539,0,24/02/2020 00:00:00
"9650,85",9990,9645,"9936,4","37702,08984",1582502399999,"371815095,5",441935,"20035,25055","197592792,9",0,23/02/2020 00:00:00
"49595,76",50200,"47047,6","48440,65","64221,06214",1614729599999,3120472070,1855583,"31377,03808",1525145370,0,02/03/2021 00:00:00
"51552,61",56368,"50710,2",55906,"79659,77802",1613779199999,4251167828,2339215,"40556,02025",2164871310,0,19/02/2021 00:00:00
"20079,02",21020,"20050,41","20771,59","380492,6958",1666828799999,7833551674,8512349,"190912,9643",3930265901,0,26/10/2022 00:00:00
"6793,86",7048,"6602,1","6734,1","104080,2769",1585958399999,"710254017,1",840456,"51077,93867","348762338,7",0,03/04/2020 00:00:00
"18846,62",20000,"18714,12","19930,01","368615,8782",1673654399999,7061633461,8021774,"183448,8938",3515300890,0,13/01/2023 00:00:00
"23810,79",24100,22600,"23232,76","119047,2597",1608767999999,2797688007,2194611,"56660,20196",1332358610,0,23/12/2020 00:00:00
"29211,06",30244,"29146,45","29770,42","45700,53392",1691539199999,1352934532,877168,"24189,62133","716161501,6",0,08/08/2023 00:00:00
"13560,1",14100,"13411,5",13791,"67339,23852",1604188799999,"927048458,5",1022202,"35823,22565","493309455,8",0,31/10/2020 00:00:00
"25940,77",26156,"25333,75","25805,05","41032,15056",1693612799999,1059444592,881179,"19960,9903","515429946,2",0,01/09/2023 00:00:00
"37160,11",38000,"36155,01","37716,56","42154,26956",1643414399999,1560203931,1061101,"21496,47551","795847847,5",0,28/01/2022 00:00:00
"26775,27",27200,"26560,53","26917,62","21594,8036",1684108799999,580801698,629537,"10672,14983","287060095,3",0,14/05/2023 00:00:00
"14818,3",15650,"14703,88","15475,1","65547,17857",1604879999999,"998031373,8",998773,"31175,66089","474978556,4",0,08/11/2020 00:00:00
"8614,39",9000,8535,"8907,57","53973,543",1580169599999,"473194952,8",514196,"28592,32652","250794158,8",0,27/01/2020 00:00:00
"17440,64",18000,"17315,6","17943,26","262221,6065",1673481599999,4586965947,5627464,"129944,5693",2273368097,0,11/01/2023 00:00:00
"17208,93",18000,"17080,14","17774,7","284462,9139",1670975999999,4983896040,6242080,"143922,8494",2521692887,0,13/12/2022 00:00:00
"5028,86",5525,"4921,45","5312,64","150089,9263",1584489599999,"793147908,3",1069217,"74698,37425","394902319,1",0,17/03/2020 00:00:00
"8825,67",9010,8753,"8972,05","59002,08755",1588463999999,"523838859,5",637884,"30400,35345","269917468,3",0,02/05/2020 00:00:00
"16069,56",16180,"15774,72",15957,"43596,84151",1605484799999,"696651729,7",854441,"20853,27085","333239080,6",0,15/11/2020 00:00:00
"24632,05",25192,"24192,57","24271,76","300395,9954",1676851199999,7408745407,7660484,"149680,2806",3692030230,0,19/02/2023 00:00:00
"40525,39",42200,33488,"37252,01","202100,8883",1621641599999,7713346610,3993336,"94002,43141",3591749387,0,21/05/2021 00:00:00
"28875,55",29300,27850,"28923,63","75508,50515",1609459199999,2173600125,1552793,"36431,62208",1049389144,0,31/12/2020 00:00:00
"9904,46",10050,"9638,12","9917,27","60023,99954",1581897599999,"592584876,9",708070,"29406,13684","290482773,3",0,16/02/2020 00:00:00
"22706,02",23180,22500,"22916,45","293588,3794",1674518399999,6704191296,7258655,"145854,7094",3330927704,0,23/01/2023 00:00:00
9390,9544,9261,"9518,16","48815,00411",1595462399999,"457776105,6",663029,"23362,19379","219166005,9",0,22/07/2020 00:00:00
"30617,02",31380,"30570,27","31156,2","43761,64311",1688428799999,1352635340,781855,"20885,94331","645698735,4",0,03/07/2023 00:00:00
"26817,93",27300,26505,"27242,59","36380,90269",1685750399999,"983857061,6",811087,"18134,67738","490485191,8",0,02/06/2023 00:00:00
"29176,5",29376,"29047,65","29228,91","21565,7478",1690329599999,"629531351,1",533797,"10257,29455","299466722,2",0,25/07/2023 00:00:00
"6465,25",6833,"6371,33","6744,72","151138,0099",1585094399999,1001890515,1012669,"72781,81733","482659188,6",0,24/03/2020 00:00:00
"20677,47",21192,"20659,19","21071,59","251385,8493",1674172799999,5243024330,5819932,"124924,2344",2605629874,0,19/01/2023 00:00:00
"20588,84",21200,"20382,29","20830,04","143343,3049",1657929599999,2984339734,4411375,"71354,9491",1485929119,0,15/07/2022 00:00:00
"41757,51",42400,"41499,29","42201,13","29067,18108",1647734399999,1216709156,801197,"14463,06148","605480703,9",0,19/03/2022 00:00:00
"48436,61",52640,"48100,71","50349,37","81035,91371",1614815999999,4109521258,2242131,"40955,3684",2077586899,0,03/03/2021 00:00:00
"9301,57",9578,"9204,44","9513,21","60626,74426",1580428799999,"569652869,8",529570,"30852,55545","290043577,4",0,30/01/2020 00:00:00
"19795,34",20180,"18649,51","18790,61","356315,0572",1662508799999,6976809188,7124384,"175781,8447",3443135959,0,06/09/2022 00:00:00
"30086,74",31460,29480,"31328,89","46275,66912",1652659199999,1401499926,1016769,"24163,362","732332763,6",0,15/05/2022 00:00:00
"9315,96",9588,9220,"9381,27","59587,62786",1589673599999,560547005,692028,"28861,3682","271542836,2",0,16/05/2020 00:00:00
"42206,36",42448,"41000,15","41461,83","44849,79101",1627775999999,1868285511,1565380,"22844,24505","951887855,6",0,31/07/2021 00:00:00
"64122,22",65000,"63360,22",64380,"22504,97383",1636847999999,1442441614,904149,"11094,05209","711146514,1",0,13/11/2021 00:00:00
"14144,01",15750,"14093,56","15590,02","143741,5227",1604620799999,2131865609,1736055,"72196,12712",1071067717,0,05/11/2020 00:00:00
"30504,8",31500,"29850,45","29895,43","71319,6261",1688687999999,2181763649,1397042,"33952,63237",1039137135,0,06/07/2023 00:00:00
"22827,38",23320,"22714,77","23125,13","264649,3491",1675209599999,6083858925,6798411,"133028,1272",3058369006,0,31/01/2023 00:00:00
"60344,86",60976,"56474,26","56891,62","62146,99931",1637279999999,3644824179,1960419,"29742,20507",1745202990,0,18/11/2021 00:00:00
"5880,5",6599,"5857,76","6394,38","118889,55",1585612799999,"747569726,5",784034,"58863,31298",370039956,0,30/03/2020 00:00:00
"31989,75",34360,29900,"33949,53","116049,997",1609891199999,3743617145,2526851,"59691,75476",1927195094,0,05/01/2021 00:00:00
"5816,05",6600,5688,"6467,31","164674,2158",1585007999999,1015525672,1099406,"84136,01173","519197453,1",0,23/03/2020 00:00:00
"29993,89",30500,"29525,61","29884,92","59054,5646",1687478399999,1775822104,1146092,"27902,93312","839284260,2",0,22/06/2023 00:00:00
"27972,87",28472,"27124,47","27717,01","477378,2337",1679356799999,13300424537,11775950,"239765,2915",6680704888,0,20/03/2023 00:00:00
"22199,84",24380,"22047,28","24324,05","375669,1611",1676505599999,8604133694,8335550,"190798,1552",4372346767,0,15/02/2023 00:00:00
"35516,07",36480,35222,"35796,31","47650,20664",1623023999999,1711857075,993430,"23661,26064","850204250,8",0,06/06/2021 00:00:00
"11100,52",11170,10831,"11099,61","60794,82646",1596153599999,"669779541,9",879960,"28272,69877",311567992,0,30/07/2020 00:00:00
"34605,15",36488,33379,"35641,27","73535,38697",1622419199999,2601994948,1559892,"37406,8139",1324617923,0,30/05/2021 00:00:00
"11531,23",11686,"11376,81","11662,96","43678,70165",1598140799999,"504305451,4",809328,"21605,07092","249466430,9",0,22/08/2020 00:00:00
"41382,6",42656,"41116,56","42380,87","22405,16704",1644191999999,"934168802,9",788291,"11546,39088","481652514,4",0,06/02/2022 00:00:00
"7929,87",8149,"7728,01","7894,56","86783,44388",1583884799999,"689700153,4",737528,"43673,58402","347117049,4",0,10/03/2020 00:00:00
"39450,12",40616,38200,"40426,08","63037,12784",1650931199999,2470071005,1280351,"31958,39557",1252785477,0,25/04/2022 00:00:00
"52666,2",52920,"42843,05","46863,73","123048,8027",1631059199999,6004105773,3321711,"57935,60198",2832268574,0,07/09/2021 00:00:00
"6359,11",6360,6024,"6236,65","93159,69343",1585439999999,"577986706,1",725588,"44960,52344","279053353,6",0,28/03/2020 00:00:00
"40019,57",40640,39200,"40016,48","53998,43928",1627603199999,2154190697,1428738,"26700,92624",1065505375,0,29/07/2021 00:00:00
"9895,04",10166,"9880,75","10151,75","43408,47562",1581292799999,"437441704,9",536848,"22408,27733",225799470,0,09/02/2020 00:00:00
"26281,54",27500,26101,"27079,41","79721,7425",1609199999999,2151806809,1508204,"37895,34562",1023061029,0,28/12/2020 00:00:00
"27033,85",27500,"26544,71","27405,61","42958,97785",1684367999999,1159714528,1016823,"21634,02212","584185553,8",0,17/05/2023 00:00:00
"34494,89",36600,"34225,43","35911,73","90788,79622",1625011199999,3233947792,1673802,"45376,58763",1616093005,0,29/06/2021 00:00:00
"9518,16",9664,"9440,33","9603,27","51856,2335",1595548799999,"494282948,7",735371,"24461,26547","233235064,2",0,23/07/2020 00:00:00
"27124,9",27520,"26631,78","27261,07","78602,44341",1680047999999,2124533607,1521981,"38972,61486",1053473599,0,28/03/2023 00:00:00
"42217,87",42760,41870,"42053,66","17732,08113",1644796799999,"750533311,7",624898,"8333,13302","352741586,1",0,13/02/2022 00:00:00
"9624,33",9670,9208,"9296,49","61571,56146",1593043199999,"579426702,8",572362,"26903,54406","253131387,6",0,24/06/2020 00:00:00
"46025,23",46880,43370,"44940,73","65429,15056",1631577599999,2930668118,1703512,"32041,05972",1435586959,0,13/09/2021 00:00:00
"10151,72",10188,9756,"9851,83","59573,08462",1581379199999,"590091358,4",690308,"28618,88325","283509329,4",0,10/02/2020 00:00:00
"42252,02",42800,"42125,48","42753,97","17891,66047",1649548799999,"759274586,6",640230,"8910,47179","378158044,3",0,09/04/2022 00:00:00
"23242,42",23452,"22665,85",22963,"280056,3072",1675900799999,6457585648,7896433,"138627,7264",3196783920,0,08/02/2023 00:00:00
"49246,63",51000,"48316,84","49999,14","59025,64416",1630713599999,2949574478,1645163,"29625,44338",1481238133,0,03/09/2021 00:00:00
"8722,77",9168,8200,"8561,52","168807,2518",1589241599999,1468392821,1367382,"81474,59507","708958944,2",0,11/05/2020 00:00:00
"28923,63",29600,"28624,57","29331,69","54182,92501",1609545599999,1582526989,1314910,"27455,80173","802247744,5",0,01/01/2021 00:00:00
"9054,64",9170,"8985,5","9131,88","43782,94804",1583539199999,"397598476,4",493216,"22296,56051","202484342,2",0,06/03/2020 00:00:00
"27992,58",28580,"27281,44","27494,51","57071,14241",1696291199999,1600944483,1464158,"28423,61","797598852,5",0,02/10/2023 00:00:00
"17165,53",17324,"16855,01","16977,37","232818,1822",1669939199999,3972607180,5097720,"116018,8887",1979692808,0,01/12/2022 00:00:00
"37881,75",38744,"36632,61","38466,9","36855,2458",1643673599999,1386754529,936014,"18422,26954","693360023,3",0,31/01/2022 00:00:00
7345,7404,"7272,21","7354,11","29987,97498",1578182399999,"219874240,9",279370,"16369,38225","120035111,7",0,04/01/2020 00:00:00
"6965,49",7405,"6871,04","7344,96","68428,50045",1578095999999,495098583,519854,"35595,49627","257713113,9",0,03/01/2020 00:00:00
"9518,02",9690,"9365,21","9666,24","46252,64494",1591228799999,441928818,562784,"22656,30815",216537558,0,03/06/2020 00:00:00
"21998,05",24500,"21813,88","24113,48","687889,3126",1678751999999,15824996079,14820760,"346688,1703",7976620082,0,13/03/2023 00:00:00
"54342,8",57200,51700,"52303,65","83537,46502",1616630399999,4583159614,2401988,"39323,13007",2161386679,0,24/03/2021 00:00:00
"57169,39",57200,"53046,69","53200,01","85324,6259",1620172799999,4705402064,2492629,"41029,68825",2262794504,0,04/05/2021 00:00:00
"15475,1",15840,"14805,54","15328,41","108976,3341",1604966399999,1670447936,1505441,"51350,44664","787324390,8",0,09/11/2020 00:00:00
"58202,01",59272,"56777,77","59129,99","54258,01579",1617667199999,3155214764,2035877,"27269,49269",1586344788,0,05/04/2021 00:00:00
"9130,89",9188,8835,"8886,66","45422,20453",1583625599999,"409983263,8",485400,"22281,71586","201161181,3",0,07/03/2020 00:00:00
"9697,72",9700,"9381,41","9448,27","48333,7864",1590969599999,"461272298,9",651473,"22778,00117",217450165,0,31/05/2020 00:00:00
"9057,79",9190,"9040,04","9135,46","26441,96848",1593907199999,"240576054,9",335225,"13588,8196","123666216,1",0,04/07/2020 00:00:00
"23009,65",23500,"22534,88","23074,16","280833,8632",1674863999999,6461707755,7079096,"139699,2764",3214623771,0,27/01/2023 00:00:00
"6162,05",6900,5670,"6208,36","219298,3295",1584748799999,1401734013,1580069,"104719,6392","670117999,1",0,20/03/2020 00:00:00
"17224,1",17360,"17058,21","17128,56","238422,0647",1670630399999,4097973426,4282003,"118031,9136",2028743141,0,09/12/2022 00:00:00
"21826,87",22488,"21538,51","22395,74","395395,6183",1663027199999,8743762683,6979539,"199489,5406",4411479060,0,12/09/2022 00:00:00
"19147,66",19420,18857,"19359,4","37043,09186",1607299199999,"709558933,6",820382,"19009,40766",364303501,0,06/12/2020 00:00:00
"8972,58",9200,8712,"8894,16","90126,06564",1588550399999,"808427095,9",877460,"44321,3704","397824441,8",0,03/05/2020 00:00:00
"30204,77",30700,"29944,1","30109,93","46291,1865",1654819199999,1399839074,841562,"23082,29251",697948606,0,09/06/2022 00:00:00
"7197,32",7420,7150,"7361,28","76059,14584",1586390399999,"555122600,3",750516,"39000,55257","284685809,8",0,08/04/2020 00:00:00
"9685,69",9720,"9577,03","9624,89","41031,02938",1592956799999,"395487616,5",474319,"19112,60622","184247416,8",0,23/06/2020 00:00:00
"41358,19",42976,39751,"40480,01","59316,27657",1650585599999,2476061418,1515456,"29413,89548",1228429891,0,21/04/2022 00:00:00
"57635,46",59368,"57071,35","58746,57","55122,44312",1617148799999,3221944107,1612744,"27541,52668",1610812658,0,30/03/2021 00:00:00
"53723,72",55280,53610,"54721,03","29716,99957",1638057599999,1623173123,1110145,"14462,93801","790191540,9",0,27/11/2021 00:00:00
"10332,84",10750,"10212,34","10671,77","67059,29136",1600127999999,"706175591,4",828957,"31880,36316",335719021,0,14/09/2020 00:00:00
"17106,65","17424,25",16867,"16966,35","233703,2923",1670284799999,4015334797,5138207,"115508,1992",1984551471,0,05/12/2022 00:00:00
"20287,2","20576,25",19540,"19811,66","256634,3553",1661903999999,5157974827,6593178,"126919,0792",2551087937,0,30/08/2022 00:00:00
"41864,62","42248,5",39650,"41822,49","50729,17019",1641859199999,2088111340,1250983,"24654,54811",1015935553,0,10/01/2022 00:00:00
"32509,56",34881,31683,"33678,07","126966,1006",1624492799999,4282250434,2026228,"63340,03314",2136458766,0,23/06/2021 00:00:00
"53955,67",55489,"53661,67","54949,72","55177,08013",1633823999999,3024862791,1609483,"27686,74749",1518044340,0,09/10/2021 00:00:00
"41002,26",43361,"40875,51","42364,13","59454,94294",1647993599999,2525975508,1367343,"30215,54785",1283334795,0,22/03/2022 00:00:00
"55996,91",57777,"54167,19",57367,"55808,44492",1634169599999,3123307687,1610489,"27985,13207",1566812326,0,13/10/2021 00:00:00
41660,43505,"40553,31","40680,91","42330,33953",1642723199999,1784801200,1098761,"20201,47991","852629490,3",0,20/01/2022 00:00:00
"9800,02","9914,25",9520,"9539,4","81950,67957",1589068799999,"795001351,7",839384,"36738,67924","356475632,7",0,09/05/2020 00:00:00
"36694,85",38225,35920,"37568,68","67587,3725",1622678399999,2523462576,1530915,"34328,49629",1281854475,0,02/06/2021 00:00:00
"49389,99",50777,48638,"50053,9","26017,93421",1639353599999,1292315884,863605,"13266,00955","658923314,9",0,12/12/2021 00:00:00
"35820,48",36457,"34803,52","35483,72","68712,44946",1624147199999,2453817535,1212278,"33788,29335",1207082482,0,19/06/2021 00:00:00
"23933,09","24456,5",23583,"24403,68","174207,5704",1660348799999,4175834602,6134163,"87283,3227",2092464530,0,12/08/2022 00:00:00
"38324,72",40841,"37800,44","39241,91","104780,7734",1622073599999,4113717505,2432319,"50485,07699",1983423342,0,26/05/2021 00:00:00
"46395,14",47033,"44132,29","44850,91","49048,26618",1631318399999,2243698626,1569941,"24358,59799",1114490734,0,10/09/2021 00:00:00
"44699,37",47033,"43927,7","46760,62","53411,75392",1629417599999,2416320067,1774382,"27193,50515",1230827552,0,19/08/2021 00:00:00
"32820,03","33185,25",31133,31880,"51639,57635",1626393599999,1652077965,1099367,"24866,40579","795831015,7",0,15/07/2021 00:00:00
"29790,34",32858,"29482,61","32144,51","82796,26513",1626911999999,2603140706,1415058,"42584,67222",1338356406,0,21/07/2021 00:00:00
"58739,46",59490,"57935,45","58720,44","47415,61722",1617321599999,2789238880,1594431,"22966,25674",1351151698,0,01/04/2021 00:00:00
"19439,96",19525,"19020,25","19131,87","212509,0985",1665446399999,4101745483,4432688,"104849,4097",2023908023,0,10/10/2022 00:00:00
"44940,72",47250,"44594,44","47111,52","44855,85099",1631663999999,2072259519,1210258,"22182,46649",1025156548,0,14/09/2021 00:00:00
"26599,99",26777,26445,"26559,67","13960,93351",1694908799999,"370889866,5",526416,"6508,91352","172926781,4",0,16/09/2023 00:00:00
"40516,28",41330,"39506,4","40144,04","80679,62284",1623801599999,3247746714,1931890,"39428,82973",1587381566,0,15/06/2021 00:00:00
"47286,18",47570,45696,"46446,1","27662,0771",1641254399999,1292203508,885624,"13524,76045","631879430,1",0,03/01/2022 00:00:00
"33675,07",35298,"32286,57","34663,09","86625,80426",1624579199999,2925373222,1531230,"43994,7083",1486960778,0,24/06/2021 00:00:00
"24568,24",24877,24430,"24631,95","216917,2521",1676764799999,5339920390,6296097,"107467,0876",2645647446,0,18/02/2023 00:00:00
"50838,82",51810,"50384,43",50820,"31684,84269",1640390399999,1618089927,1075177,"15108,36362","771557283,6",0,24/12/2021 00:00:00
"32287,58",33650,"31924,32","33634,09","50112,86363",1627084799999,1631947003,1394786,"25018,97708","815391041,2",0,23/07/2021 00:00:00
"29864,03",30189,"29531,42","29919,21","23139,9281",1654473599999,"691201528,2",604680,"11753,51303","351150600,8",0,05/06/2022 00:00:00
"36622,46",37850,"35844,06","35891,49","79611,30777",1611100799999,2935348499,1939371,"38704,68162",1428235710,0,19/01/2021 00:00:00
"34049,15",37850,32380,"37371,38","124477,9149",1610582399999,4322876606,2514289,"63981,03831",2222872691,0,13/01/2021 00:00:00
"16896,15",16925,16723,"16824,67","156810,9636",1671667199999,2638528724,4375570,"77675,35979",1307019850,0,21/12/2022 00:00:00
"20591,84",21085,"20554,01","20809,67","254881,7776",1667087999999,5303038321,6255599,"127941,5636",2662029300,0,29/10/2022 00:00:00
"46276,88",48394,45000,"46106,43","66060,83429",1614470399999,3105897439,1757720,"31987,01965",1505012111,0,27/02/2021 00:00:00
"56393,68",58650,"55241,63","57314,75","74542,74783",1620431999999,4239374487,2361692,"36877,60257",2097609397,0,07/05/2021 00:00:00
"16831,85",17041,16679,"16950,65","207401,2842",1673049599999,3490305010,5388661,"103320,2297",1738828235,0,06/01/2023 00:00:00
"42729,29",44322,42450,"43902,66","33943,2928",1642031999999,1470906438,1023902,"17584,31885","762205618,8",0,12/01/2022 00:00:00
"23074,16",23189,"22878,46","23022,6","148115,7109",1674950399999,3408985411,4181816,"73861,83566",1700057504,0,28/01/2023 00:00:00
"52117,67",52530,"50901,9","51552,6","60758,04695",1613692799999,3149973077,1891592,"28893,35862",1498231636,0,18/02/2021 00:00:00
26054,26281,"25801,09","26100,01","26160,75343",1692489599999,"680623880,8",615764,"12952,29598","337010159,8",0,19/08/2023 00:00:00
"23174,39",24245,"23154,25",23810,"170958,4415",1660003199999,4078052111,5892045,"85942,29725",2050118384,0,08/08/2022 00:00:00
"19590,54",20185,"19155,36","19422,61","444322,9534",1664582399999,8694127254,6254203,"220029,8458",4304848630,0,30/09/2022 00:00:00
"19803,3",20189,"19748,08","20113,62","179350,2434",1663459199999,3578667843,3862666,"89621,58733",1788389852,0,17/09/2022 00:00:00
"18650,51",19177,18500,"19147,66","42922,74857",1607212799999,"813445434,1",932124,"21360,26028","405002656,1",0,05/12/2020 00:00:00
19988,21233,"19890,07","21110,13","83127,08716",1656028799999,1710694866,1207858,"42716,83721","879244263,3",0,23/06/2022 00:00:00
"29895,42",30449,"29701,02","30344,7","34070,53895",1688774399999,1027461795,912948,"14875,86309","448638761,4",0,07/07/2023 00:00:00
"29352,9",29449,"29033,24","29281,09","15706,97441",1690761599999,"459830379,7",454846,"7720,41654","226012721,4",0,30/07/2023 00:00:00
"26527,5",27409,"26377,35","26762,51","43000,43256",1695081599999,1158780348,938705,"21551,71605","580912488,8",0,18/09/2023 00:00:00
"29430,27",30485,"29096,78","30380,01","62004,89434",1681862399999,1861001492,1141562,"32417,57068","972769560,7",0,18/04/2023 00:00:00
"19164,37",19257,"19112,72","19204,35","110403,9084",1666483199999,2117395641,2887106,"54134,08243",1038228039,0,22/10/2022 00:00:00
"16442,91",17249,"16428,3","17163,64","303019,8072",1669852799999,5123595200,6519330,"151764,5729",2566042183,0,30/11/2022 00:00:00
"19174,99",19349,19000,"19273,14","47257,20129",1607990399999,"906101687,7",842382,"22657,4634","434506325,3",0,14/12/2020 00:00:00
"33502,87",34666,"33306,47","34258,99","31572,64745",1626047999999,1070033013,952891,"16434,53751","557336788,7",0,11/07/2021 00:00:00
"43546,37",44978,"43069,09","44865,26","48699,57655",1632441599999,2147211305,1196106,"24503,00365",1080404500,0,23/09/2021 00:00:00
"29805,84",30689,"29594,55","30452,62","56961,42928",1654214399999,1711652906,1086183,"28555,06607","858193492,4",0,02/06/2022 00:00:00
"28838,16",29677,28800,"29505,61","58415,83048",1683331199999,1709786815,1288027,"29071,98606","850975342,6",0,05/05/2023 00:00:00
"23810,98","23933,25",22865,"23149,95","143182,5086",1660089599999,3347110919,5105613,"70598,77953",1650310503,0,09/08/2022 00:00:00
"32259,45",34875,31910,"32254,2","88499,22692",1611619199999,2958759289,2106548,"44489,52413",1488432034,0,25/01/2021 00:00:00
"49069,9",49299,"48346,88","48895,35","26681,06379",1630195199999,1303966036,793012,"13895,76368","679193791,6",0,28/08/2021 00:00:00
"49671,92",51483,"48799,75","49841,45","80082,20431",1621036799999,4015904915,2095860,"37184,12886",1864162621,0,14/05/2021 00:00:00
"43084,29",43475,"42581,79","43071,66","20602,35271",1642377599999,"887203134,1",732171,"10052,19291","432899939,7",0,16/01/2022 00:00:00
"9788,14","9854,75",9581,"9621,16","47788,05005",1591401599999,"465200788,2",566062,"22329,10712",217444469,0,05/06/2020 00:00:00
"36896,37",37387,36250,"37311,61","32081,10999",1643932799999,1179502839,848961,"16468,10233","605530493,6",0,03/02/2022 00:00:00
53555,57963,"53013,01","57694,27","68578,91005",1619827199999,3808187373,2267648,"35634,12909",1978866536,0,30/04/2021 00:00:00
"35641,26",37499,"34153,84","37253,81","94160,73529",1622505599999,3406047735,1896359,"46337,9325",1677796724,0,31/05/2021 00:00:00
"10255,89","10410,75",9875,"10373,44","62620,23068",1599523199999,"634278537,8",927363,"30576,70067","309796338,5",0,07/09/2020 00:00:00
"37250,02",39843,"34322,28","38327,21","120476,2946",1645747199999,4335107392,2622780,"60103,1314",2164376870,0,24/02/2022 00:00:00
"58413,44",62499,57820,"60575,89","61056,35301",1635465599999,3677629851,1878275,"30447,44205",1835335718,0,28/10/2021 00:00:00
"60006,67",60499,"50931,3","56150,01","124882,1318",1618790399999,6949379727,3444089,"59404,61681",3303953081,0,18/04/2021 00:00:00
"59769,13",60699,"59232,52","60002,43","41156,71539",1618185599999,2462032927,1746102,"20798,05878",1244349091,0,11/04/2021 00:00:00
"37388,05",38491,35782,"36675,72","109527,2849",1623369599999,4062957162,2231430,"53639,42402",1990486079,0,10/06/2021 00:00:00
"35071,42",36499,"34601,01","36244,55","44279,52354",1642982399999,1572414639,1142407,"22841,39451",811501507,0,23/01/2022 00:00:00
26255,"26445,5","25647,26","25910,5","28999,76471",1694217599999,"754184537,1",646852,"14238,89945","370236844,4",0,08/09/2023 00:00:00
"42201,63",42691,41250,"42352,12","29324,08257",1642550399999,1228459687,905061,"14527,82371","608578954,6",0,18/01/2022 00:00:00
"39530,45",40699,"39254,63","40074,94","57751,01778",1649807999999,2309514072,1153667,"28344,99788",1133659107,0,12/04/2022 00:00:00
"37630,8",38675,"37386,38","38468,35","38812,24104",1651449599999,1478259272,1021157,"19551,11747","744825800,8",0,01/05/2022 00:00:00
"47241,75","47347,25",42500,"43015,62","78003,52444",1632182399999,3457139274,1842231,"36108,36295",1600107749,0,20/09/2021 00:00:00
"47100,89",49156,46512,"48810,52","49904,65528",1630540799999,2386074445,1280384,"25102,36864",1200480555,0,01/09/2021 00:00:00
"63220,57",63500,"60382,76","62896,48","43336,09049",1635983999999,2713389500,1601925,"20662,34777",1294306442,0,03/11/2021 00:00:00
"8020,01",8197,7960,"8184,98","38131,49434",1578873599999,"309351920,5",350662,"19718,5411",159972664,0,12/01/2020 00:00:00
"19813,03",20490,"19797,94","20050,02","276946,6077",1661990399999,5595829094,6389133,"140474,4604",2838456436,0,31/08/2022 00:00:00
"7817,74",8199,7672,"8197,02","82406,77745",1578700799999,"652774220,4",606101,"42361,75531","335845385,7",0,10/01/2020 00:00:00
"9621,17",9735,"9531,05","9666,3","32752,95089",1591487999999,"315604867,2",435796,"15832,69377","152610794,9",0,06/06/2020 00:00:00
8841,9225,"8811,73","9204,07","68910,35551",1590623999999,"624660855,8",662850,"33532,62027",304057335,0,27/05/2020 00:00:00
"35796,31",36900,33300,"33552,79","77574,95257",1623110399999,2755673602,1532260,"36431,56059",1295757612,0,07/06/2021 00:00:00
"58617,7",59444,55610,"56247,18","51724,32047",1637625599999,2968622334,1624768,"24834,9816",1425668562,0,22/11/2021 00:00:00
"61286,75",61500,"59510,63","60852,22","31226,57676",1635119999999,1889694559,1052085,"15682,1686","949151331,9",0,24/10/2021 00:00:00
"58142,55",61500,"57900,01","59769,13","69906,42412",1618099199999,4197138552,2470398,"36018,63757",2162858398,0,10/04/2021 00:00:00
57641,59468,"56270,74","58030,01","52392,65296",1616198399999,3052711148,1885830,"25552,51122",1489274083,0,19/03/2021 00:00:00
"29581,99",29738,"29320,2","29455,75","23463,45373",1691711999999,"692863472,1",513691,"11204,06553","330886650,2",0,10/08/2023 00:00:00
"41822,49",43100,"41268,93","42729,29","37296,43729",1641945599999,1574803609,1015526,"18521,95391","782176383,1",0,11/01/2022 00:00:00
"57315,49",59500,56900,"58862,05","69709,90603",1620518399999,4079553832,2311378,"34329,69916",2009442623,0,08/05/2021 00:00:00
"58240,83",59500,53400,"55816,14","89586,34925",1620691199999,5131782640,2575419,"43057,97703",2468201498,0,10/05/2021 00:00:00
"40680,92",41100,"35440,45","36445,31","88860,892",1642809599999,3405501703,2092561,"41615,08582",1595831788,0,21/01/2022 00:00:00
"28323,76",29770,28170,"29637,34","67754,0622",1681171199999,1955300943,1285695,"36147,62326",1043138688,0,10/04/2023 00:00:00
"27250,97",28750,27105,"28295,41","128649,6082",1679615999999,3591123573,2159091,"65172,02479",1819323637,0,23/03/2023 00:00:00
"54001,38",55460,53222,"55011,97","54064,03468",1619567999999,2949719328,1568666,"25631,07463",1398731801,0,27/04/2021 00:00:00
"10728,59",10799,"10594,82","10774,25","30549,48325",1601251199999,"327169249,5",516004,"15101,03977","161737536,9",0,27/09/2020 00:00:00
"19416,52",19558,"19316,04","19439,02","113900,8268",1665359999999,2215007204,2833704,"57166,25996",1111737800,0,09/10/2022 00:00:00
"9067,51",9271,"8933,52",9170,"58943,13102",1590191999999,"537847834,5",693694,"28987,3159","264538897,3",0,22/05/2020 00:00:00
"19273,69",19570,19050,"19426,43","61834,36601",1608076799999,1196361528,1046423,"31194,16085","603826364,4",0,15/12/2020 00:00:00
"22577,13",22666,21250,"21310,9","180344,7664",1658793599999,3954002949,4807238,"88021,9456",1930051719,0,25/07/2022 00:00:00
13791,13895,13603,"13761,5","36285,64853",1604275199999,"499124369,1",606248,"17839,54476","245432626,6",0,01/11/2020 00:00:00
"19204,08",19598,"18867,2","19421,9","66689,39128",1607039999999,1286548311,1242229,"33868,3417","653783366,9",0,03/12/2020 00:00:00
"21132,29",21650,"20407,15","20677,47","350916,0195",1674086399999,7399719195,7617173,"173174,4169",3652037808,0,18/01/2023 00:00:00
"8642,35",8789,8488,"8736,03","36494,68766",1579651199999,316056705,365621,"18731,87164","162303157,9",0,21/01/2020 00:00:00
"11335,46",11861,11220,"11801,17","85087,48513",1596326399999,"987817017,3",1174252,"40523,73352",470714480,0,01/08/2020 00:00:00
"27668,8",27818,27353,"27628,27","40113,31069",1683676799999,1106923908,1003698,"20094,09737","554561922,8",0,09/05/2023 00:00:00
"48821,88",49500,48050,"49239,22","37007,8878",1629676799999,1807169840,1610192,"18587,87755","907708162,1",0,22/08/2021 00:00:00
"48336,95",49500,46547,"48864,98","51629,181",1639612799999,2487012309,1438176,"25861,16891",1246095378,0,15/12/2021 00:00:00
"7200,77","7212,5","6924,74","6965,71","31951,48393",1578009599999,"225982341,3",302667,"15141,61134","107060829,1",0,02/01/2020 00:00:00
"15297,21",15965,"15272,68","15684,24","78469,74646",1605139199999,1226425496,1247167,"40030,00217","625865373,4",0,11/11/2020 00:00:00
"26339,34",26810,26210,"26498,61","31075,51083",1686268799999,"823023638,2",848252,"14614,60741","387105933,4",0,08/06/2023 00:00:00
"28415,29",29890,"28378,86","29472,77","95430,82431",1682639999999,2784859692,1990148,"48601,97474",1418439306,0,27/04/2023 00:00:00
"57221,72",61844,"56078,23","61188,39","83245,09135",1615679999999,4933383453,2559002,"44387,23192",2631390815,0,13/03/2021 00:00:00
"10126,66",10343,"9981,01","10219,2","49347,11378",1599695999999,"503082625,2",755560,"23815,41243","242759702,9",0,09/09/2020 00:00:00
"40586,96",41380,38720,"40088,22","75785,97968",1610236799999,3054779029,1998156,"37007,32191",1491990706,0,09/01/2021 00:00:00
"43839,99",45492,42666,"44042,99","64880,29387",1644364799999,2847485971,1653350,"33004,09337",1448178622,0,08/02/2022 00:00:00
"26221,68",26850,"26112,06","26372,99","34771,57978",1695859199999,918797815,939690,"16813,75506","444221386,4",0,27/09/2023 00:00:00
"35546,12",39380,34757,"39020,57","86921,02556",1623628799999,3208991522,1894103,"45675,27362",1688611358,0,13/06/2021 00:00:00
"9234,02",9345,"9157,5","9302,75","30872,70229",1594598399999,"285591381,5",484875,"14980,1877",138584259,0,12/07/2020 00:00:00
"29331,7",33300,"28946,53","32178,33","129993,8734",1609631999999,4073842164,2245922,"67446,30525",2110334724,0,02/01/2021 00:00:00
"10344,36",10375,9801,"9904,72","57657,20295",1581811199999,"580845331,2",739781,"26758,58032","269731775,5",0,15/02/2020 00:00:00
"20295,11",20750,"20000,09","20591,84","287039,9457",1667001599999,5849603406,6638096,"143078,2528",2915977523,0,28/10/2022 00:00:00
"20236,71",20750,"19304,4","20175,83","96041,13756",1657065599999,1919950110,1612273,"48358,47507","967109793,4",0,05/07/2022 00:00:00
"41147,78",41500,"39551,94","39942,38","36807,01401",1649980799999,1494726286,803756,"17787,82129","722216571,9",0,14/04/2022 00:00:00
"16599,55",16666,"16342,81","16522,14","182089,4953",1669420799999,3003553172,4396465,"90187,55597",1487718711,0,25/11/2022 00:00:00
"37568,68",39476,37170,"39246,79","75889,10601",1622764799999,2930945326,1949658,"38664,29785",1493504668,0,03/06/2021 00:00:00
"33086,94",33340,"32202,25","32729,77","41126,36101",1626220799999,1348583017,956053,"19588,27851","642576716,6",0,13/07/2021 00:00:00
9782,9877,9570,"9772,43","46024,00129",1591747199999,"447208895,8",551863,"21901,19095","212965408,7",0,09/06/2020 00:00:00
9772,9885,9730,"9813,73","43966,11463",1581119999999,"430744860,2",582249,"22733,98819",222761440,0,07/02/2020 00:00:00
"9069,41",9375,"9055,92","9344,2","54463,13228",1594079999999,"502548376,2",533540,"28132,94222","259636973,3",0,06/07/2020 00:00:00
"11892,9",11935,11125,"11392,08","90748,28463",1597190399999,1049615697,1343979,"41221,96101","476990926,6",0,11/08/2020 00:00:00
"18703,8",18750,"17610,86","18414,43","81645,73778",1606089599999,1497662550,1528524,"39164,42638","718709271,1",0,22/11/2020 00:00:00
"16227,96",16706,"16160,2","16603,11","264927,7041",1669247999999,4368042619,6260616,"132804,3763",2189676204,0,23/11/2022 00:00:00
"18413,88",18766,18000,18368,"82961,50609",1606175999999,1529064320,1629379,"39611,36062","730350629,7",0,23/11/2020 00:00:00
"19078,1",19790,"18471,28","19412,82","521385,4555",1664409599999,9964460007,7357437,"260944,3812",4988233394,0,28/09/2022 00:00:00
"34663,08",35500,31275,"31584,45","116061,1304",1624665599999,3846120543,2094932,"55656,15625",1846078278,0,25/06/2021 00:00:00
"49917,54",51900,49450,"51756,88","40544,83587",1630886399999,2049212026,1417660,"21557,23586",1090239907,0,05/09/2021 00:00:00
"49488,85",49860,47600,"47674,01","51014,59475",1629849599999,2486079316,1692896,"24702,92344",1203899650,0,24/08/2021 00:00:00
"9021,36",9395,"8906,21","9142,92","105925,3024",1588809599999,"972793508,5",1007661,"51189,79089","470167656,6",0,06/05/2020 00:00:00
"9310,23",9395,"9170,95","9358,95","30329,06538",1592697599999,"282120360,6",382778,"15125,08177","140741525,6",0,20/06/2020 00:00:00
"11293,22",11445,11221,"11369,02","29043,85134",1602460799999,329927755,509714,"14470,44427","164384653,1",0,11/10/2020 00:00:00
"64280,59",67000,"63481,4","66001,41","51428,93486",1634774399999,3362878816,1823286,"27623,99053",1806653765,0,20/10/2021 00:00:00
"39181,01",39700,37351,"38795,69","84363,67976",1612742399999,3256521384,1976357,"40764,38896",1574482908,0,07/02/2021 00:00:00
"46464,66",47900,45900,"47120,87","30352,29569",1640908799999,1428755720,910157,"14886,52375","700792256,7",0,30/12/2021 00:00:00
"53785,22",56100,"53617,61","53951,43","46160,25785",1633737599999,2522087625,1548832,"22643,19334",1237799957,0,08/10/2021 00:00:00
"11071,36",11473,10936,"11219,81","56931,84148",1596499199999,"641127593,3",919185,"27133,03514","305554713,9",0,03/08/2020 00:00:00
"9309,35",9939,"9256,76","9791,98","129565,3775",1589500799999,1247456798,1199530,"63438,51099","611313934,4",0,14/05/2020 00:00:00
"19701,88",19890,"19320,01","19803,3","283791,0706",1663372799999,5584012914,5120935,"141085,2054",2776292772,0,16/09/2022 00:00:00
"39146,86",39780,"37642,03","38207,05","57117,43585",1628035199999,2195360659,1379871,"27683,4666",1064118782,0,03/08/2021 00:00:00
"11050,64",11491,"11050,51","11293,22","43648,03694",1602374399999,"494785212,2",698561,"22807,20465","258432465,8",0,10/10/2020 00:00:00
"29468,1",32222,"29299,62","31734,22","96785,9476",1653955199999,2980527582,1380410,"45024,45633",1384940692,0,30/05/2022 00:00:00
"11360,31",11505,"11346,22","11503,14","23284,04119",1603065599999,"266150824,3",346946,"12396,1271","141743879,1",0,18/10/2020 00:00:00
"25934,24",26098,"24820,56","25128,6","45077,31608",1686787199999,1152808417,957418,"20726,13761","530122336,4",0,14/06/2023 00:00:00
"39441,61",39940,"38929,62","39450,13","26703,61186",1650844799999,1056336243,868183,"12639,70229","500129939,1",0,24/04/2022 00:00:00
"8145,92",8455,7870,"8055,98","112622,6426",1578527999999,"926410232,6",830375,"55071,10951","453284250,5",0,08/01/2020 00:00:00
"26880,26",27150,"26825,11","27102,43","14434,54718",1684627199999,"389225653,7",481382,"6769,94368","182562924,6",0,20/05/2023 00:00:00
"39709,19",39980,39285,"39441,6","20291,42375",1650758399999,"804677022,9",724132,"10217,20484","405193110,9",0,23/04/2022 00:00:00
"9465,13",9489,9280,"9386,32","37381,95377",1592524799999,"351649555,1",475074,"17940,40525","168801558,4",0,18/06/2020 00:00:00
"9342,1",9495,"8910,45","9426,02","86107,92471",1592265599999,"793518842,6",839521,"41630,74753","384031123,2",0,15/06/2020 00:00:00
"30447,31",31282,29500,30472,"89419,07618",1688169599999,2726355506,1559366,"44319,81254",1351735333,0,30/06/2023 00:00:00
"55011,97",56428,"53813,16","54846,22","55130,45902",1619654399999,3020242788,1830042,"26762,03342",1466278915,0,28/04/2021 00:00:00
"11528,24",11557,11300,"11420,56","42205,28371",1602633599999,"482663390,7",618262,"19346,15861","221257357,6",0,13/10/2020 00:00:00
"21862,02",22090,21630,"21783,54","204435,6516",1676246399999,4469822441,4561903,"101194,347",2212545781,0,12/02/2023 00:00:00
"28629,81",29266,28450,"29031,33","34479,35127",1653782399999,"994674257,6",684423,"17561,21465","506633343,7",0,28/05/2022 00:00:00
"37371,38",40100,"36701,23","39144,5","102950,3894",1610668799999,3974826638,2297466,"51264,46709",1979442593,0,14/01/2021 00:00:00
20574,21090,"19637,03","20573,89","109028,9415",1655769599999,2220396382,1639448,"54047,82476",1100883997,0,20/06/2022 00:00:00
"35911,72",36100,"34017,55",35045,"77152,19763",1625097599999,2688939291,1301036,"37035,76967",1290873346,0,30/06/2021 00:00:00
"20455,73",22150,"20270,6","21997,11","430944,9429",1678665599999,8982418414,9721933,"218639,0688",4558127965,0,12/03/2023 00:00:00
"29793,99",30350,29730,"30083,75","18292,78637",1690156799999,"548940321,1",519434,"8889,35695","266761143,4",0,23/07/2023 00:00:00
"32875,71",34100,"32261,07","33815,81","47153,9399",1625875199999,1562958239,1236351,"23660,0686","784288611,1",0,09/07/2021 00:00:00
"41566,48",42300,40501,"41679,74","32952,73111",1641686399999,1367233495,1021908,"16462,53747","683155535,4",0,08/01/2022 00:00:00
"23151,32",24226,"22664,69","23954,05","208916,5495",1660175999999,4918825599,6818207,"105046,9133",2473680340,0,10/08/2022 00:00:00
"24322,87",25250,"23505,25","23517,72","450080,6837",1676591999999,11074988149,11006793,"224396,7757",5522891581,0,16/02/2023 00:00:00
"24843,89",25250,"24148,34","24452,16","376000,8287",1677023999999,9280992344,10712371,"187029,4976",4617218785,0,21/02/2023 00:00:00
"49239,22",50500,49029,"49488,85","52462,54195",1629763199999,2616721364,2143309,"26218,97512",1307817635,0,23/08/2021 00:00:00
"9143,4",10067,9021,"9986,4","147154,6114",1588895999999,1409783462,1254835,"74602,19311","715407978,2",0,07/05/2020 00:00:00
"10785,23",11093,"10661,22","10954,01","64991,51244",1600300799999,"708644989,5",884153,"31740,51169","346117690,6",0,16/09/2020 00:00:00
"9526,97",9565,"9236,61","9465,14","48046,41115",1592438399999,"453209812,2",536158,"22842,83128","215532725,6",0,17/06/2020 00:00:00
"47103,28",48500,"46682,32","48121,41","43204,71174",1631750399999,2056996399,1176050,"20903,53535","995198313,7",0,15/09/2021 00:00:00
"45173,68",46460,"44742,06","46025,24","32094,28052",1631491199999,1464780920,1179808,"15735,45104","718436012,8",0,12/09/2021 00:00:00
"27210,36",27350,"26605,05","26817,93","39217,8088",1685663999999,1055132510,814389,"18620,69161","500960557,9",0,01/06/2023 00:00:00
"9426,05",9589,"9373,09","9525,59","52052,44693",1592351999999,"494458269,1",543481,"25692,83963","244097412,9",0,16/06/2020 00:00:00
"43902,65",44500,"42311,22","42560,11","34910,87762",1642118399999,1515944525,1036234,"17175,40587","746075123,2",0,13/01/2022 00:00:00
"9700,42",10111,9650,"9931,54","65279,26932",1595807999999,"644607634,5",945611,"33748,33181",333445555,0,26/07/2020 00:00:00
"12780,75",13185,"12678,08","12968,52","70038,82414",1603411199999,"905778888,9",1035811,"33259,49504",430203750,0,22/10/2020 00:00:00
"60575,9",62980,"60174,81","62253,71","43973,90414",1635551999999,2706090987,1417344,"22262,86881",1370325591,0,29/10/2021 00:00:00
"26493,4",28422,25700,"26281,66","148455,5862",1609113599999,4028928684,2438493,"72649,34048",1972635486,0,27/12/2020 00:00:00
"49844,16",50700,46555,"46762,99","89437,44936",1621123199999,4350775847,2286791,"42257,91846",2056302845,0,15/05/2021 00:00:00
"19930,01",21258,"19888,05","20954,92","393913,7495",1673740799999,8183071567,8659545,"197817,5521",4109568162,0,14/01/2023 00:00:00
"27079,42",27410,25880,27385,"69411,59261",1609286399999,1851617220,1605166,"34276,9226","914954320,8",0,29/12/2020 00:00:00
"30200,43",30486,"29637,4","29888,07","62049,48451",1681343999999,1863497606,1246556,"31136,38576","935223730,6",0,12/04/2023 00:00:00
"51756,88",52780,"50969,33","52663,9","49249,66708",1630972799999,2549290983,1678015,"24620,35253",1274643404,0,06/09/2021 00:00:00
"16331,78",17190,"15815,21","16619,46","380210,7775",1668470399999,6273920325,9215128,"189502,4125",3127495594,0,14/11/2022 00:00:00
"19041,92",19250,18650,"19164,37","269310,7577",1666396799999,5126619488,5679281,"133589,0192",2543268175,0,21/10/2022 00:00:00
"46248,87",46700,"44589,46","45584,99","53814,64342",1628639999999,2452485824,1951330,"26592,36931",1212338435,0,10/08/2021 00:00:00
"9086,54",9125,"9037,47","9058,26","28943,42018",1593820799999,"263123750,5",343189,"13719,52452","124722413,1",0,03/07/2020 00:00:00
"9603,27",9637,"9463,44","9537,8","43931,13621",1595635199999,"419240263,5",677725,"20416,29997","194861143,6",0,24/07/2020 00:00:00
"42836,87",44700,"42446,41","44572,54","73396,74081",1628380799999,3197407326,2258213,"37355,62385",1627865924,0,07/08/2021 00:00:00
"29637,35",30550,29590,"30200,42","67990,07621",1681257599999,2046078278,1340458,"34766,92718",1046250622,0,11/04/2023 00:00:00
"29281,09",29530,"29101,8","29232,25","22605,48964",1690847999999,"663025204,2",563115,"11029,2258","323482162,3",0,31/07/2023 00:00:00
"33634,1",34500,"33401,14","34258,14","47977,55014",1627171199999,1625046258,1196914,"23937,61781",810983258,0,24/07/2021 00:00:00
"66947,67",69000,"62822,9","64882,43","65171,50405",1636588799999,4335575753,2347934,"31344,74332",2088305178,0,10/11/2021 00:00:00
"14023,53",14259,13525,"14144,01","93016,98826",1604534399999,1293872665,1212959,"45333,6616","630831907,1",0,04/11/2020 00:00:00
"22954,21",23402,"22844,62","23174,39","88890,00877",1659916799999,2051763045,3646643,"44744,90366",1032885708,0,07/08/2022 00:00:00
"27938,38",28530,27800,"28323,76","32531,16101",1681084799999,"913915923,7",777589,"16885,70757","474454325,4",0,09/04/2023 00:00:00
"28452,74",28530,"27856,43","28171,87","37365,65692",1680479999999,1053600933,938464,"17897,01839","504647268,1",0,02/04/2023 00:00:00
"15781,29",16315,"15616,63","16226,94","239548,0662",1669161599999,3823612604,6276097,"119384,4708",1905917090,0,22/11/2022 00:00:00
"16279,5",16319,15476,"15781,29","324096,9978",1669075199999,5188798317,7440871,"159995,4646",2561914109,0,21/11/2022 00:00:00
"22354,34",22410,"22157,08","22346,57","121257,3813",1677974399999,2706422996,4169260,"60043,33153",1340204531,0,04/03/2023 00:00:00
"35410,37",36628,32531,"34051,24","133948,152",1610495999999,4651302423,2674145,"65098,3102",2261732479,0,12/01/2021 00:00:00
"11465,84",11719,11458,"11711,16","43177,87905",1598831999999,"501375342,9",756541,"22258,1159","258461346,5",0,30/08/2020 00:00:00
"18764,96",19342,18330,"19204,09","75911,01348",1606953599999,1436895345,1566635,"36421,6904","689901298,6",0,02/12/2020 00:00:00
"31454,23",31630,29900,"30312,01","60749,48424",1689379199999,1869443274,1274387,"28513,77996","877642037,8",0,14/07/2023 00:00:00
"9655,52",9675,9250,"9315,84","54379,34455",1582675199999,"514946930,6",579079,"26318,93416","249358678,9",0,25/02/2020 00:00:00
"25598,49",26518,"25175,56",26345,"51596,91662",1686959999999,1335158159,926194,"24055,65943","622525707,6",0,16/06/2023 00:00:00
"59998,8",61300,"59350,59",59860,"56375,03712",1618271999999,3393042868,1806298,"27645,20115",1664588823,0,12/04/2021 00:00:00
"9594,65",9699,9400,"9596,42","60152,34291",1582243199999,"576020107,5",667387,"29843,20888","285816414,9",0,20/02/2020 00:00:00
"30462,67",30666,29930,"30267,99","45180,41489",1687823999999,1367837658,954783,"22277,58284","674540668,6",0,26/06/2023 00:00:00
9012,9191,"8948,06","9116,35","30688,17642",1593388799999,"278721674,9",374404,"14982,80453","136093615,8",0,28/06/2020 00:00:00
"58866,53",59300,"56235,66","58240,84","69806,11991",1620604799999,4043552702,2170139,"34301,05046",1987959542,0,09/05/2021 00:00:00
"31576,09",32730,30151,"32283,65","107820,3753",1624751999999,3376415452,1814051,"52978,15926",1659918820,0,26/06/2021 00:00:00
"39456,61",40900,38772,"40019,56","101344,5284",1627516799999,4040889462,2631048,"49019,13628",1954994215,0,28/07/2021 00:00:00
"9192,93",9205,"9064,89","9138,55","31463,1628",1593561599999,"287781334,5",328083,"15267,74747","139674651,1",0,30/06/2020 00:00:00
"27261,06",28650,"27240,1","28348,6","89486,16008",1680134399999,2519887866,1704217,"45742,08025",1288220696,0,29/03/2023 00:00:00
"29228,91",29690,"29096,94","29351,96","33931,63366",1690415999999,"995569172,1",750401,"15987,94266","469155943,8",0,26/07/2023 00:00:00
"19292,85","19458,25",19012,"19319,77","262813,2827",1662681599999,5057217167,6013826,"131429,4587",2529247772,0,08/09/2022 00:00:00
"22932,91","23158,25","22628,13","22762,52","265371,6069",1675727999999,6076050768,6956395,"132350,5299",3030470975,0,06/02/2023 00:00:00
"42380,87","44500,5","41645,85","43839,99","51060,62006",1644278399999,2204523610,1473274,"25457,79986",1099936959,0,07/02/2022 00:00:00
"22762,52","23350,25","22745,78","23240,46","308006,7248",1675814399999,7085929136,8293878,"154613,2474",3557209787,0,07/02/2023 00:00:00
"35994,98","36852,5",33850,"35828,61","80157,72738",1610927999999,2843103040,1860642,"39513,63856",1402648633,0,17/01/2021 00:00:00
"46283,49",47213,45620,45811,"37073,53582",1648943999999,1721690754,1056716,"18562,93079","862197811,6",0,02/04/2022 00:00:00
"34246,28",34933,32825,"34262,88","84889,68134",1612051199999,2884500063,2201040,"42418,4671",1441981401,0,30/01/2021 00:00:00
"21237,68","21614,5","20906,62","21491,19","51431,67794",1656201599999,1093873138,874540,"25240,18142","536863288,5",0,25/06/2022 00:00:00
"58057,1",59845,57353,"59707,51","33811,5901",1637452799999,1982718831,1200190,"16682,28087","978340154,1",0,20/11/2021 00:00:00
"44372,71",45821,"43174,01","43495,44","62357,29091",1644537599999,2772188373,1541483,"30323,12245",1348871896,0,10/02/2022 00:00:00
"47535,9",50125,46852,"47140,54","44233,57391",1639180799999,2135023723,1215231,"21143,96129",1020995576,0,10/12/2021 00:00:00
"36829,15",37925,34800,"35513,2","70459,62149",1622937599999,2560547117,1463754,"34397,77436",1249708171,0,05/06/2021 00:00:00
"36769,36",40365,36300,"39432,28","132825,7004",1610063999999,5062569943,2814686,"65055,10714",2482583240,0,07/01/2021 00:00:00
"48121,4",48557,"47021,1","47737,82","40725,08895",1631836799999,1948447233,1176129,"19907,79151","952502982,8",0,16/09/2021 00:00:00
"57347,94",62933,56850,"61672,42","82512,90802",1634342399999,4959389369,2649137,"43913,67633",2638969874,0,15/10/2021 00:00:00
"37008,16",38429,36350,"38230,33","53785,94589",1645574399999,2010628231,1212527,"27322,73575",1021948127,0,22/02/2022 00:00:00
43160,44949,"42809,98","44421,2","61743,09873",1646179199999,2701611024,1866871,"30937,54085",1353520463,0,01/03/2022 00:00:00
"37263,35",38829,"35200,62","37449,73","126542,2437",1621727999999,4730567648,2716691,"63310,45201",2367081501,0,22/05/2021 00:00:00
"32283,65",34749,"31973,45","34700,34","96613,24421",1624838399999,3199980158,1799875,"48772,52918",1616348030,0,27/06/2021 00:00:00
"39742,06","39925,25",38175,"38596,11","51453,65715",1651276799999,2006135663,1101140,"24773,60543","966125835,5",0,29/04/2022 00:00:00
"19422,34",19527,"18565,31","18650,52","71283,6682",1607126399999,1358079975,1286657,"32363,45372","616745259,3",0,04/12/2020 00:00:00
"30585,9",30791,30155,"30617,03","23286,41019",1688342399999,"711031423,4",591533,"10630,2474",324616032,0,02/07/2023 00:00:00
"17179,04",17499,"17146,34","17440,66","221382,4258",1673395199999,3829247654,5448751,"109377,4561",1891995855,0,10/01/2023 00:00:00
"28165,47",28775,"27805,1","28170,01","60737,64732",1680739199999,1721098539,1262730,"30556,88672","865971090,2",0,05/04/2023 00:00:00
"46420,42",47310,43727,"44807,58","97154,1822",1613001599999,4431650130,2891592,"47971,98573",2190231239,0,10/02/2021 00:00:00
"44572,54",45310,43261,"43794,37","69329,0927",1628467199999,3074924735,1857112,"34099,15066",1512451140,0,08/08/2021 00:00:00
"31778,57",31899,"30407,44","30839,65","47340,4685",1626739199999,1470563282,846029,"22709,51005","705480091,1",0,19/07/2021 00:00:00
"39723,17",41350,"37332,7","40862,46","84343,75562",1628207999999,3314527738,1913281,"41673,12908",1638359890,0,05/08/2021 00:00:00
"40088,22",41350,"35111,11","38150,02","118209,5445",1610323199999,4604034730,2628050,"55451,34467",2160976897,0,10/01/2021 00:00:00
"38807,35",39310,"37578,51","37777,34","32791,82359",1647215999999,1268441605,841844,"15150,32067","586406176,6",0,13/03/2022 00:00:00
"20573,9",21723,"20348,4","20723,52","104371,0749",1655855999999,2198596137,1515321,"52193,33566",1099446297,0,21/06/2022 00:00:00
"51471,99",55750,"50382,41",55315,"79877,54518",1633564799999,4236927265,2443126,"40664,02752",2158326114,0,06/10/2021 00:00:00
"19204,29",19695,"19070,11","19570,4","167057,2018",1666569599999,3233393909,3939703,"84465,80483",1635057403,0,23/10/2022 00:00:00
"22395,44",22799,19860,"20173,57","431915,0333",1663113599999,9302239274,8126869,"217144,5425",4679543995,0,13/09/2022 00:00:00
"26705,93",26895,26551,"26854,27","15095,6867",1685231999999,403337263,415694,"7152,30076","191116596,8",0,27/05/2023 00:00:00
"17602,45",17695,"16361,6","17070,31","393552,8649",1668211199999,6725273823,9900073,"197414,6962",3374092513,0,11/11/2022 00:00:00